,,,,
,,,,
,,,,
,NÂº,Evento 1,Evento 2,Evento 3
,1764,6,7,2
,1763,8,5,2
,1762,6,5,4
,1761,7,6,2
,1760,6,6,3
,1759,8,5,2
,1758,7,6,2
,1757,5,6,4
,1756,6,5,4
,1755,5,6,4
,1754,6,6,3
,1753,7,4,4
,1752,7,7,1
,1751,7,5,3
,1750,5,7,3
,1749,4,6,5
,1748,7,5,3
,1747,7,6,2
,1746,7,5,3
,1745,8,4,3
,1744,4,8,3
,1743,5,6,4
,1742,6,7,2
,1741,3,8,4
,1740,9,4,2
,1739,7,6,2
,1738,5,6,4
,1737,5,7,3
,1736,4,7,4
,1735,5,6,4
,1734,7,4,4
,1733,6,6,3
,1732,5,7,3
,1731,7,5,3
,1730,4,7,4
,1729,7,5,3
,1728,8,5,2
,1727,7,5,3
,1726,6,7,2
,1725,4,6,5
,1724,5,7,3
,1723,6,7,2
,1722,5,6,4
,1721,6,6,3
,1720,5,6,4
,1719,5,6,4
,1718,7,5,3
,1717,8,3,4
,1716,6,5,4
,1715,5,6,4
,1714,7,4,4
,1713,5,7,3
,1712,6,6,3
,1711,7,6,2
,1710,7,4,4
,1709,4,7,4
,1708,9,5,1
,1707,4,7,4
,1706,7,7,1
,1705,5,7,3
,1704,6,8,1
,1703,6,8,1
,1702,6,7,2
,1701,8,5,2
,1700,6,5,4
,1699,6,5,4
,1698,6,6,3
,1697,5,5,5
,1696,6,7,2
,1695,4,6,5
,1694,6,7,2
,1693,6,6,3
,1692,5,6,4
,1691,8,7,0
,1690,7,5,3
,1689,6,7,2
,1688,8,3,4
,1687,8,6,1
,1686,6,6,3
,1685,6,6,3
,1684,5,6,4
,1683,6,6,3
,1682,6,7,2
,1681,6,6,3
,1680,6,6,3
,1679,5,8,2
,1678,7,5,3
,1677,5,9,1
,1676,5,7,3
,1675,7,4,4
,1674,6,5,4
,1673,6,6,3
,1672,6,4,5
,1671,7,5,3
,1670,5,6,4
,1669,8,4,3
,1668,4,7,4
,1667,6,5,4
,1666,7,5,3
,1665,6,5,4
,1664,6,7,2
,1663,7,5,3
,1662,6,6,3
,1661,6,6,3
,1660,6,6,3
,1659,6,5,4
,1658,6,8,1
,1657,6,6,3
,1656,6,7,2
,1655,7,6,2
,1654,6,6,3
,1653,5,5,5
,1652,7,5,3
,1651,8,5,2
,1650,5,8,2
,1649,4,8,3
,1648,3,7,5
,1647,7,5,3
,1646,7,6,2
,1645,7,5,3
,1644,8,4,3
,1643,8,4,3
,1642,5,7,3
,1641,5,7,3
,1640,5,6,4
,1639,8,5,2
,1638,4,7,4
,1637,5,8,2
,1636,6,7,2
,1635,5,5,5
,1634,7,4,4
,1633,8,4,3
,1632,3,7,5
,1631,6,6,3
,1630,6,6,3
,1629,8,4,3
,1628,4,7,4
,1627,6,7,2
,1626,7,6,2
,1625,5,7,3
,1624,6,7,2
,1623,8,6,1
,1622,6,5,4
,1621,7,4,4
,1620,6,6,3
,1619,5,6,4
,1618,7,6,2
,1617,7,5,3
,1616,6,6,3
,1615,8,5,2
,1614,6,7,2
,1613,8,6,1
,1612,5,5,5
,1611,8,5,2
,1610,5,7,3
,1609,5,6,4
,1608,7,4,4
,1607,7,7,1
,1606,7,5,3
,1605,6,6,3
,1604,8,4,3
,1603,7,5,3
,1602,6,6,3
,1601,6,7,2
,1600,6,6,3
,1599,8,3,4
,1598,5,8,2
,1597,7,5,3
,1596,4,7,4
,1595,8,5,2
,1594,6,7,2
,1593,7,6,2
,1592,7,6,2
,1591,6,5,4
,1590,6,5,4
,1589,5,6,4
,1588,7,5,3
,1587,5,7,3
,1586,4,7,4
,1585,7,4,4
,1584,5,8,2
,1583,7,6,2
,1582,6,6,3
,1581,6,5,4
,1580,4,8,3
,1579,6,6,3
,1578,5,7,3
,1577,6,7,2
,1576,6,7,2
,1575,7,5,3
,1574,7,6,2
,1573,5,9,1
,1572,7,4,4
,1571,6,6,3
,1570,5,6,4
,1569,5,6,4
,1568,7,5,3
,1567,6,7,2
,1566,7,5,3
,1565,7,6,2
,1564,5,8,2
,1563,7,5,3
,1562,9,6,0
,1561,5,6,4
,1560,8,5,2
,1559,7,6,2
,1558,6,6,3
,1557,6,5,4
,1556,6,5,4
,1555,6,6,3
,1554,8,5,2
,1553,5,7,3
,1552,5,6,4
,1551,5,7,3
,1550,5,6,4
,1549,8,4,3
,1548,5,7,3
,1547,7,6,2
,1546,6,6,3
,1545,5,6,4
,1544,6,5,4
,1543,6,6,3
,1542,6,6,3
,1541,5,7,3
,1540,6,7,2
,1539,4,9,2
,1538,7,6,2
,1537,5,7,3
,1536,8,5,2
,1535,5,5,5
,1534,6,7,2
,1533,5,8,2
,1532,6,7,2
,1531,7,5,3
,1530,6,6,3
,1529,5,8,2
,1528,8,3,4
,1527,8,3,4
,1526,5,6,4
,1525,6,6,3
,1524,8,3,4
,1523,6,6,3
,1522,4,8,3
,1521,7,6,2
,1520,6,7,2
,1519,4,6,5
,1518,6,6,3
,1517,5,6,4
,1516,5,7,3
,1515,6,8,1
,1514,5,8,2
,1513,6,6,3
,1512,5,7,3
,1511,6,6,3
,1510,7,6,2
,1509,7,6,2
,1508,6,5,4
,1507,7,5,3
,1506,6,6,3
,1505,5,7,3
,1504,5,6,4
,1503,4,6,5
,1502,6,7,2
,1501,6,5,4
,1500,6,8,1
,1499,7,6,2
,1498,5,6,4
,1497,4,9,2
,1496,6,7,2
,1495,7,4,4
,1494,6,7,2
,1493,4,7,4
,1492,7,6,2
,1491,6,5,4
,1490,7,7,1
,1489,6,6,3
,1488,5,6,4
,1487,7,5,3
,1486,6,5,4
,1485,6,6,3
,1484,8,4,3
,1483,6,6,3
,1482,8,5,2
,1481,6,5,4
,1480,4,8,3
,1479,5,8,2
,1478,5,7,3
,1477,8,4,3
,1476,7,5,3
,1475,7,5,3
,1474,6,7,2
,1473,7,4,4
,1472,7,4,4
,1471,7,5,3
,1470,4,7,4
,1469,8,7,0
,1468,5,7,3
,1467,6,4,5
,1466,5,5,5
,1465,6,5,4
,1464,4,8,3
,1463,5,7,3
,1462,6,6,3
,1461,6,5,4
,1460,4,8,3
,1459,5,8,2
,1458,6,6,3
,1457,8,5,2
,1456,6,6,3
,1455,4,7,4
,1454,5,6,4
,1453,6,5,4
,1452,5,6,4
,1451,5,6,4
,1450,7,6,2
,1449,8,4,3
,1448,6,5,4
,1447,5,6,4
,1446,5,5,5
,1445,6,6,3
,1444,7,6,2
,1443,8,6,1
,1442,6,8,1
,1441,8,4,3
,1440,4,7,4
,1439,4,9,2
,1438,6,6,3
,1437,7,6,2
,1436,6,6,3
,1435,8,5,2
,1434,7,5,3
,1433,5,6,4
,1432,5,6,4
,1431,6,7,2
,1430,7,4,4
,1429,5,8,2
,1428,7,5,3
,1427,4,9,2
,1426,6,5,4
,1425,6,7,2
,1424,7,5,3
,1423,6,7,2
,1422,5,7,3
,1421,6,7,2
,1420,6,6,3
,1419,4,8,3
,1418,5,7,3
,1417,7,6,2
,1416,7,7,1
,1415,5,6,4
,1414,7,6,2
,1413,9,4,2
,1412,4,6,5
,1411,7,6,2
,1410,8,5,2
,1409,6,6,3
,1408,5,5,5
,1407,7,3,5
,1406,6,5,4
,1405,6,7,2
,1404,6,6,3
,1403,6,6,3
,1402,6,7,2
,1401,7,4,4
,1400,7,3,5
,1399,5,6,4
,1398,6,6,3
,1397,7,5,3
,1396,5,6,4
,1395,4,8,3
,1394,6,6,3
,1393,6,7,2
,1392,6,6,3
,1391,5,7,3
,1390,5,8,2
,1389,7,7,1
,1388,6,6,3
,1387,7,7,1
,1386,6,5,4
,1385,5,9,1
,1384,5,7,3
,1383,5,6,4
,1382,3,9,3
,1381,6,7,2
,1380,5,6,4
,1379,8,5,2
,1378,6,5,4
,1377,6,6,3
,1376,5,8,2
,1375,5,6,4
,1374,7,5,3
,1373,8,4,3
,1372,7,5,3
,1371,4,6,5
,1370,5,6,4
,1369,5,7,3
,1368,4,7,4
,1367,7,6,2
,1366,4,7,4
,1365,5,5,5
,1364,4,8,3
,1363,4,8,3
,1362,6,4,5
,1361,3,10,2
,1360,8,5,2
,1359,5,8,2
,1358,7,6,2
,1357,5,7,3
,1356,6,9,0
,1355,7,5,3
,1354,6,7,2
,1353,6,4,5
,1352,3,8,4
,1351,5,5,5
,1350,5,8,2
,1349,7,5,3
,1348,7,4,4
,1347,7,6,2
,1346,6,6,3
,1345,6,5,4
,1344,6,5,4
,1343,5,7,3
,1342,6,5,4
,1341,6,6,3
,1341,6,6,3
,1340,7,7,1
,1339,7,5,3
,1338,7,8,0
,1337,7,5,3
,1336,4,9,2
,1335,7,5,3
,1334,6,7,2
,1333,7,6,2
,1332,5,8,2
,1331,7,5,3
,1330,4,7,4
,1329,6,5,4
,1328,6,4,5
,1327,6,6,3
,1326,7,4,4
,1325,7,6,2
,1324,7,5,3
,1323,6,6,3
,1322,6,6,3
,1321,7,6,2
,1320,5,6,4
,1319,6,6,3
,1318,8,6,1
,1317,7,4,4
,1316,6,6,3
,1315,7,6,2
,1314,5,6,4
,1313,4,6,5
,1312,7,5,3
,1311,6,7,2
,1310,8,5,2
,1309,6,7,2
,1308,6,6,3
,1307,6,7,2
,1306,6,7,2
,1305,7,6,2
,1304,6,7,2
,1303,5,8,2
,1302,4,9,2
,1301,8,4,3
,1300,5,7,3
,1299,5,6,4
,1298,6,4,5
,1297,8,6,1
,1296,4,8,3
,1295,4,8,3
,1294,6,7,2
,1293,6,7,2
,1292,6,5,4
,1291,5,8,2
,1290,5,6,4
,1289,5,7,3
,1288,5,7,3
,1287,5,5,5
,1286,6,6,3
,1285,5,7,3
,1284,6,6,3
,1283,6,7,2
,1282,5,6,4
,1281,6,4,5
,1280,6,5,4
,1279,6,7,2
,1278,5,7,3
,1277,7,5,3
,1276,5,6,4
,1275,5,8,2
,1274,5,8,2
,1273,5,8,2
,1272,5,6,4
,1271,6,6,3
,1270,9,3,3
,1269,5,7,3
,1268,6,6,3
,1267,6,7,2
,1266,8,5,2
,1265,5,6,4
,1264,5,5,5
,1263,6,6,3
,1262,5,6,4
,1261,5,7,3
,1260,7,6,2
,1259,5,7,3
,1258,8,4,3
,1257,6,7,2
,1256,5,8,2
,1255,7,5,3
,1254,4,8,3
,1253,6,5,4
,1252,8,4,3
,1251,6,6,3
,1250,7,6,2
,1249,5,7,3
,1248,4,8,3
,1247,5,7,3
,1246,6,6,3
,1245,7,6,2
,1244,6,6,3
,1243,6,6,3
,1242,5,6,4
,1241,6,6,3
,1240,7,6,2
,1239,5,8,2
,1238,6,7,2
,1237,7,4,4
,1236,8,5,2
,1235,7,7,1
,1234,6,6,3
,1233,5,7,3
,1232,6,5,4
,1231,6,6,3
,1230,8,6,1
,1229,7,5,3
,1228,8,4,3
,1227,6,6,3
,1226,6,5,4
,1225,4,7,4
,1224,7,8,0
,1223,6,6,3
,1222,8,5,2
,1221,6,5,4
,1220,7,6,2
,1219,8,4,3
,1218,8,5,2
,1217,7,6,2
,1216,5,6,4
,1215,3,9,3
,1214,8,5,2
,1213,8,4,3
,1212,9,5,1
,1211,6,7,2
,1210,5,7,3
,1209,7,7,1
,1208,6,6,3
,1207,6,7,2
,1206,5,5,5
,1205,5,6,4
,1204,6,6,3
,1203,5,6,4
,1202,5,7,3
,1201,4,6,5
,1200,7,5,3
,1199,7,4,4
,1198,7,4,4
,1197,6,7,2
,1196,7,7,1
,1195,5,8,2
,1194,5,6,4
,1193,6,6,3
,1192,7,7,1
,1191,6,6,3
,1190,6,5,4
,1189,5,8,2
,1188,7,5,3
,1187,6,5,4
,1186,6,6,3
,1185,5,5,5
,1184,5,8,2
,1183,4,8,3
,1182,5,6,4
,1181,7,4,4
,1180,7,6,2
,1179,8,5,2
,1178,5,7,3
,1177,7,5,3
,1176,5,8,2
,1175,5,6,4
,1174,8,6,1
,1173,7,6,2
,1172,5,7,3
,1171,3,9,3
,1170,6,6,3
,1169,6,5,4
,1168,8,4,3
,1167,7,6,2
,1166,6,7,2
,1165,7,5,3
,1164,5,5,5
,1163,4,8,3
,1162,5,6,4
,1161,7,5,3
,1160,7,5,3
,1159,7,4,4
,1158,5,7,3
,1157,6,6,3
,1156,5,6,4
,1155,6,6,3
,1154,5,6,4
,1153,7,6,2
,1152,7,5,3
,1151,5,6,4
,1150,4,8,3
,1149,7,5,3
,1148,7,7,1
,1147,5,8,2
,1146,5,6,4
,1145,6,7,2
,1144,7,5,3
,1143,5,7,3
,1142,6,6,3
,1141,4,7,4
,1140,7,4,4
,1139,4,8,3
,1138,7,6,2
,1137,7,5,3
,1136,7,5,3
,1135,6,6,3
,1134,5,8,2
,1133,8,5,2
,1132,6,5,4
,1131,4,7,4
,1130,5,7,3
,1129,6,6,3
,1128,7,6,2
,1127,6,6,3
,1126,5,6,4
,1125,5,7,3
,1124,7,4,4
,1123,6,6,3
,1122,4,7,4
,1121,7,5,3
,1120,7,7,1
,1119,8,6,1
,1118,6,5,4
,1117,6,7,2
,1116,7,4,4
,1115,6,5,4
,1114,8,6,1
,1113,5,7,3
,1112,6,7,2
,1111,5,6,4
,1110,7,5,3
,1109,8,5,2
,1108,7,4,4
,1107,6,7,2
,1106,5,7,3
,1105,6,6,3
,1104,5,7,3
,1103,6,6,3
,1102,5,6,4
,1101,6,6,3
,1100,5,8,2
,1099,5,5,5
,1098,6,6,3
,1097,5,7,3
,1096,6,5,4
,1095,6,4,5
,1094,9,4,2
,1093,7,3,5
,1092,4,8,3
,1091,7,5,3
,1090,5,7,3
,1089,5,6,4
,1088,8,5,2
,1087,5,7,3
,1086,5,6,4
,1085,6,4,5
,1084,9,3,3
,1083,5,6,4
,1082,4,7,4
,1081,5,7,3
,1080,5,6,4
,1079,4,8,3
,1078,7,4,4
,1077,7,6,2
,1076,3,9,3
,1075,5,5,5
,1074,6,4,5
,1073,6,5,4
,1072,7,5,3
,1071,6,6,3
,1070,3,7,5
,1069,5,6,4
,1068,4,8,3
,1067,7,5,3
,1066,5,6,4
,1065,5,6,4
,1064,6,6,3
,1063,5,6,4
,1062,6,7,2
,1061,6,5,4
,1060,6,6,3
,1059,6,6,3
,1058,5,6,4
,1057,6,6,3
,1056,7,5,3
,1055,7,4,4
,1054,6,7,2
,1053,5,7,3
,1052,7,5,3
,1051,6,6,3
,1050,5,6,4
,1049,4,7,4
,1048,8,5,2
,1047,5,6,4
,1046,5,6,4
,1045,5,5,5
,1044,7,5,3
,1043,7,6,2
,1042,7,5,3
,1044,7,5,3
,1043,7,6,2
,1042,7,5,3
,1041,5,6,4
,1040,7,4,4
,1039,5,7,3
,1038,6,6,3
,1037,5,6,4
,1036,5,7,3
,1035,4,7,4
,1034,6,7,2
,1033,5,6,4
,1032,7,7,1
,1031,6,7,2
,1030,7,7,1
,1029,5,6,4
,1028,7,5,3
,1027,7,5,3
,1026,4,8,3
,1025,4,8,3
,1024,6,6,3
,1023,7,5,3
,1022,8,3,4
,1021,5,7,3
,1020,5,8,2
,1019,8,4,3
,1018,6,7,2
,1017,7,6,2
,1016,5,7,3
,1015,7,6,2
,1014,5,6,4
,1013,7,6,2
,1012,4,7,4
,1011,7,5,3
,1010,6,6,3
,1009,5,8,2
,1008,7,6,2
,1007,7,4,4
,1006,7,5,3
,1005,5,7,3
,1004,5,6,4
,1003,6,6,3
,1002,4,8,3
,1001,5,7,3
,1000,4,10,1
,999,7,6,2
,998,6,6,3
,997,6,6,3
,996,6,5,4
,995,7,5,3
,994,5,7,3
,993,6,4,5
,992,8,6,1
,991,6,5,4
,990,6,7,2
,989,6,6,3
,988,5,8,2
,987,6,7,2
,986,4,7,4
,985,5,5,5
,984,5,5,5
,983,7,6,2
,982,7,5,3
,981,7,4,4
,980,7,5,3
,979,7,3,5
,978,7,7,1
,977,6,6,3
,976,7,4,4
,975,6,8,1
,974,7,5,3
,973,6,5,4
,972,4,6,5
,971,7,3,5
,970,6,6,3
,969,6,7,2
,968,6,7,2
,967,7,4,4
,966,8,4,3
,965,5,7,3
,964,7,6,2
,963,6,7,2
,962,5,6,4
,961,7,5,3
,960,7,6,2
,959,4,6,5
,958,5,7,3
,957,7,3,5
,956,6,7,2
,955,7,6,2
,954,5,7,3
,953,7,6,2
,952,5,6,4
,951,5,6,4
,950,6,7,2
,949,6,7,2
,948,6,6,3
,947,7,6,2
,946,5,6,4
,945,6,5,4
,944,4,8,3
,943,6,6,3
,942,6,6,3
,941,9,4,2
,940,6,7,2
,939,7,6,2
,938,6,8,1
,937,5,7,3
,936,7,6,2
,935,9,4,2
,934,6,4,5
,933,7,6,2
,932,4,7,4
,931,6,6,3
,930,5,6,4
,929,8,4,3
,928,6,6,3
,927,5,6,4
,926,7,6,2
,925,6,5,4
,924,7,7,1
,923,7,5,3
,922,6,5,4
,921,6,6,3
,920,7,6,2
,919,8,5,2
,918,7,5,3
,917,6,6,3
,916,7,6,2
,915,7,4,4
,914,6,6,3
,913,5,7,3
,912,5,7,3
,911,6,4,5
,910,6,7,2
,909,8,5,2
,908,7,5,3
,907,7,5,3
,906,9,3,3
,905,5,7,3
,904,6,7,2
,903,8,6,1
,902,8,3,4
,901,6,5,4
,900,6,6,3
,899,5,7,3
,898,6,6,3
,897,7,6,2
,896,7,7,1
,895,6,7,2
,894,5,6,4
,893,8,4,3
,892,6,6,3
,891,5,6,4
,890,8,5,2
,889,6,6,3
,888,3,9,3
,887,4,7,4
,886,6,7,2
,885,5,7,3
,884,6,7,2
,883,7,5,3
,882,5,7,3
,881,8,4,3
,880,6,4,5
,879,6,5,4
,878,7,5,3
,877,5,7,3
,876,5,6,4
,875,6,4,5
,874,9,3,3
,873,6,7,2
,872,8,5,2
,871,6,6,3
,870,8,6,1
,869,5,5,5
,868,6,6,3
,867,8,4,3
,866,8,5,2
,865,7,4,4
,864,4,7,4
,863,5,6,4
,862,6,7,2
,861,8,5,2
,860,7,5,3
,859,8,7,0
,858,7,5,3
,857,5,8,2
,856,5,7,3
,855,6,6,3
,854,7,6,2
,853,6,6,3
,852,6,5,4
,851,6,7,2
,850,6,5,4
,849,4,8,3
,848,5,6,4
,847,7,6,2
,846,5,6,4
,845,4,6,5
,844,7,5,3
,843,4,8,3
,842,5,7,3
,841,6,7,2
,840,4,7,4
,839,6,5,4
,838,6,6,3
,837,5,8,2
,836,6,6,3
,835,5,7,3
,834,6,6,3
,833,5,8,2
,832,6,5,4
,831,6,7,2
,830,5,7,3
,829,5,6,4
,828,5,6,4
,827,7,5,3
,826,3,9,3
,825,6,6,3
,824,4,7,4
,823,5,7,3
,822,3,8,4
,821,6,5,4
,820,9,3,3
,819,8,5,2
,818,5,6,4
,817,7,5,3
,816,6,7,2
,815,4,6,5
,814,4,7,4
,813,8,3,4
,812,5,6,4
,811,9,5,1
,810,5,6,4
,809,6,4,5
,808,4,7,4
,807,7,4,4
,806,8,5,2
,805,6,6,3
,804,7,5,3
,803,3,8,4
,802,7,5,3
,801,7,5,3
,800,7,5,3
,799,4,6,5
,798,6,6,3
,797,6,6,3
,796,7,6,2
,795,9,3,3
,794,8,4,3
,793,5,7,3
,792,7,5,3
,791,8,3,4
,790,5,6,4
,789,5,7,3
,788,6,4,5
,787,6,8,1
,786,6,5,4
,785,6,7,2
,784,5,6,4
,783,6,6,3
,782,4,10,1
,781,6,7,2
,780,5,7,3
,779,4,8,3
,778,6,6,3
,777,4,7,4
,776,5,7,3
,775,7,8,0
,774,7,6,2
,773,6,6,3
,772,7,5,3
,771,8,4,3
,770,6,5,4
,769,5,7,3
,768,4,8,3
,767,7,5,3
,766,6,6,3
,765,7,5,3
,764,6,6,3
,763,6,5,4
,762,8,5,2
,761,5,8,2
,760,6,6,3
,759,6,6,3
,758,5,7,3
,757,6,7,2
,756,6,6,3
,755,7,6,2
,754,4,7,4
,753,7,5,3
,752,6,6,3
,751,5,7,3
,750,7,5,3
,749,7,6,2
,748,8,5,2
,747,7,6,2
,746,7,5,3
,745,6,6,3
,744,7,6,2
,743,6,5,4
,742,7,6,2
,741,5,7,3
,740,5,5,5
,739,6,4,5
,738,4,8,3
,737,8,5,2
,736,8,5,2
,735,4,7,4
,734,6,6,3
,733,6,7,2
,732,5,5,5
,731,5,7,3
,730,4,7,4
,729,8,4,3
,728,6,5,4
,727,6,4,5
,726,6,6,3
,725,6,6,3
,724,6,6,3
,723,8,6,1
,722,7,6,2
,721,9,5,1
,720,4,7,4
,719,5,6,4
,718,4,6,5
,717,7,5,3
,716,5,7,3
,715,5,6,4
,714,6,7,2
,713,5,5,5
,712,4,7,4
,711,7,5,3
,710,4,7,4
,709,5,8,2
,708,7,4,4
,707,5,7,3
,706,6,5,4
,705,6,6,3
,704,6,6,3
,703,4,6,5
,702,10,3,2
,701,4,7,4
,700,7,5,3
,699,7,4,4
,698,7,5,3
,697,5,6,4
,696,6,6,3
,695,4,7,4
,694,6,7,2
,693,8,5,2
,692,6,5,4
,691,7,6,2
,690,5,8,2
,689,7,5,3
,688,6,5,4
,687,6,6,3
,686,6,5,4
,685,4,6,5
,684,5,6,4
,683,9,4,2
,682,7,5,3
,681,7,7,1
,680,6,7,2
,679,4,9,2
,678,6,5,4
,677,7,6,2
,676,6,6,3
,675,6,6,3
,674,4,7,4
,673,7,8,0
,672,6,5,4
,671,6,7,2
,670,4,7,4
,669,4,7,4
,668,5,7,3
,667,6,6,3
,666,5,7,3
,665,4,7,4
,664,5,7,3
,663,6,5,4
,662,7,7,1
,661,5,7,3
,660,7,6,2
,659,8,5,2
,658,7,4,4
,657,7,5,3
,656,6,6,3
,655,5,6,4
,654,4,8,3
,653,5,7,3
,652,5,8,2
,651,6,7,2
,650,5,6,4
,649,8,4,3
,648,6,7,2
,647,5,7,3
,646,6,6,3
,645,5,6,4
,644,7,5,3
,643,7,4,4
,642,6,6,3
,641,6,6,3
,640,5,7,3
,639,8,4,3
,638,5,6,4
,637,5,6,4
,636,6,6,3
,635,7,6,2
,634,6,7,2
,633,7,3,5
,632,5,6,4
,631,7,7,1
,630,5,6,4
,629,7,5,3
,628,7,5,3
,627,6,4,5
,626,8,4,3
,625,6,6,3
,624,7,6,2
,623,8,4,3
,622,8,6,1
,621,8,4,3
,620,5,8,2
,619,6,6,3
,618,7,5,3
,617,7,4,4
,616,5,6,4
,615,5,5,5
,614,5,8,2
,613,5,7,3
,612,7,6,2
,611,7,6,2
,610,7,5,3
,609,6,7,2
,608,7,6,2
,607,4,7,4
,606,6,5,4
,605,6,6,3
,604,5,7,3
,603,6,6,3
,602,8,4,3
,601,7,7,1
,600,7,5,3
,599,6,5,4
,598,5,7,3
,597,7,5,3
,596,6,6,3
,595,7,5,3
,594,6,7,2
,593,7,5,3
,592,7,7,1
,591,6,7,2
,590,6,8,1
,589,7,3,5
,588,4,8,3
,587,6,7,2
,586,6,6,3
,585,6,7,2
,584,7,5,3
,583,6,6,3
,582,5,7,3
,581,4,8,3
,580,7,5,3
,579,7,6,2
,578,6,6,3
,577,7,5,3
,576,4,8,3
,575,5,7,3
,574,3,8,4
,573,5,6,4
,572,6,6,3
,571,5,7,3
,570,6,6,3
,569,5,7,3
,568,8,6,1
,567,7,5,3
,566,7,7,1
,565,6,6,3
,564,6,6,3
,563,7,5,3
,562,6,6,3
,561,7,7,1
,560,5,6,4
,559,6,6,3
,558,6,5,4
,557,6,7,2
,556,4,7,4
,555,7,6,2
,554,6,5,4
,553,6,6,3
,552,7,4,4
,551,4,8,3
,550,6,7,2
,549,5,7,3
,548,9,4,2
,547,7,6,2
,546,7,6,2
,545,5,7,3
,544,6,6,3
,543,5,7,3
,542,8,5,2
,541,6,6,3
,540,5,8,2
,539,7,6,2
,538,4,8,3
,537,6,6,3
,536,5,6,4
,535,5,6,4
,534,6,6,3
,533,6,7,2
,532,7,6,2
,531,5,6,4
,530,7,5,3
,529,5,7,3
,528,7,4,4
,527,5,7,3
,526,7,6,2
,525,5,7,3
,524,6,5,4
,523,6,7,2
,522,5,5,5
,521,8,6,1
,520,6,6,3
,519,4,7,4
,518,5,8,2
,517,8,4,3
,516,6,6,3
,515,6,7,2
,514,6,5,4
,513,6,6,3
,512,9,4,2
,511,5,7,3
,510,7,4,4
,509,5,7,3
,508,7,5,3
,507,8,3,4
,506,4,8,3
,505,5,7,3
,504,4,9,2
,503,6,6,3
,502,8,5,2
,501,6,5,4
,500,7,5,3
,499,6,6,3
,498,5,7,3
,497,7,6,2
,496,5,7,3
,495,7,5,3
,494,6,7,2
,493,6,6,3
,492,6,6,3
,491,5,5,5
,490,5,7,3
,489,5,6,4
,488,4,8,3
,487,7,5,3
,486,7,6,2
,485,6,5,4
,484,6,6,3
,483,6,5,4
,482,6,5,4
,481,6,6,3
,480,6,6,3
,479,4,7,4
,478,6,5,4
,477,6,6,3
,476,6,7,2
,475,7,5,3
,474,6,6,3
,473,7,5,3
,472,7,8,0
,471,6,7,2
,470,8,5,2
,469,7,5,3
,468,6,5,4
,467,6,5,4
,466,5,7,3
,465,8,4,3
,464,5,5,5
,463,5,7,3
,462,6,5,4
,461,6,7,2
,460,6,7,2
,459,6,7,2
,458,8,6,1
,457,3,8,4
,456,5,6,4
,455,7,5,3
,454,4,8,3
,453,6,6,3
,452,6,7,2
,451,6,5,4
,450,5,5,5
,449,7,5,3
,448,6,7,2
,447,5,6,4
,446,7,5,3
,445,6,8,1
,444,6,5,4
,443,6,6,3
,442,5,6,4
,441,8,4,3
,440,5,6,4
,439,5,6,4
,438,5,5,5
,437,7,6,2
,436,5,6,4
,435,5,7,3
,434,4,7,4
,433,7,3,5
,432,6,6,3
,431,5,6,4
,430,7,5,3
,429,7,6,2
,428,3,8,4
,427,8,4,3
,426,7,5,3
,425,4,8,3
,424,5,8,2
,423,4,7,4
,422,7,5,3
,421,6,7,2
,420,8,4,3
,419,5,6,4
,418,4,7,4
,417,5,8,2
,416,5,6,4
,415,4,8,3
,414,7,6,2
,413,7,6,2
,412,5,7,3
,411,4,7,4
,410,7,7,1
,409,7,4,4
,408,5,7,3
,407,6,7,2
,406,8,3,4
,405,5,7,3
,404,5,6,4
,403,6,6,3
,402,7,3,5
,401,8,3,4
,400,4,7,4
,399,5,6,4
,398,8,5,2
,397,9,4,2
,396,8,5,2
,395,6,5,4
,394,5,6,4
,393,7,4,4
,392,5,7,3
,391,6,5,4
,390,4,7,4
,389,7,5,3
,388,8,6,1
,387,6,6,3
,386,7,5,3
,385,6,5,4
,384,5,7,3
,383,5,6,4
,382,7,5,3
,381,7,5,3
,380,8,4,3
,379,5,7,3
,378,4,6,5
,377,7,7,1
,376,4,7,4
,375,5,9,1
,374,5,5,5
,373,4,8,3
,372,5,6,4
,371,9,4,2
,370,7,6,2
,369,6,5,4
,368,5,7,3
,367,6,6,3
,366,5,6,4
,365,5,7,3
,364,6,6,3
,363,6,6,3
,362,8,4,3
,361,5,8,2
,360,8,5,2
,359,4,7,4
,358,5,7,3
,357,7,5,3
,356,5,7,3
,355,7,6,2
,354,7,5,3
,353,5,7,3
,352,6,7,2
,351,6,7,2
,350,8,4,3
,349,5,7,3
,348,5,6,4
,347,6,7,2
,346,7,5,3
,345,3,8,4
,344,6,6,3
,343,4,9,2
,342,4,7,4
,341,4,7,4
,340,8,4,3
,339,5,6,4
,338,6,7,2
,337,8,5,2
,336,7,6,2
,335,7,7,1
,334,5,6,4
,333,5,7,3
,332,6,5,4
,331,5,6,4
,330,5,6,4
,329,6,5,4
,328,4,6,5
,327,5,8,2
,326,7,6,2
,325,7,4,4
,324,9,3,3
,323,8,4,3
,322,5,7,3
,321,5,8,2
,320,4,7,4
,319,7,6,2
,318,5,7,3
,317,6,5,4
,316,7,6,2
,315,5,7,3
,314,6,7,2
,313,6,7,2
,312,6,7,2
,311,5,7,3
,310,5,7,3
,309,7,5,3
,308,4,6,5
,307,6,6,3
,306,5,9,1
,305,6,5,4
,304,4,8,3
,303,5,6,4
,302,6,7,2
,301,4,9,2
,300,5,6,4
,299,6,5,4
,298,6,6,3
,297,6,4,5
,296,5,8,2
,295,5,6,4
,294,7,5,3
,293,5,6,4
,292,6,5,4
,291,6,7,2
,290,6,6,3
,289,8,5,2
,288,7,6,2
,287,5,6,4
,286,7,4,4
,285,6,7,2
,284,5,6,4
,283,7,5,3
,282,5,7,3
,281,7,6,2
,280,6,7,2
,279,7,6,2
,278,6,6,3
,277,4,6,5
,276,6,7,2
,275,7,7,1
,274,6,6,3
,273,5,7,3
,272,6,6,3
,271,6,6,3
,270,8,4,3
,269,5,7,3
,268,6,7,2
,267,6,6,3
,266,7,5,3
,265,4,9,2
,264,6,5,4
,263,6,6,3
,262,6,6,3
,261,6,7,2
,260,8,6,1
,259,7,4,4
,258,5,6,4
,257,6,7,2
,256,7,6,2
,255,7,4,4
,254,8,6,1
,253,6,6,3
,252,5,6,4
,251,6,5,4
,250,6,7,2
,249,6,5,4
,248,6,7,2
,247,7,5,3
,246,7,5,3
,245,6,7,2
,244,6,6,3
,243,6,6,3
,242,5,7,3
,241,5,6,4
,240,5,7,3
,239,7,5,3
,238,4,8,3
,237,5,7,3
,236,7,4,4
,235,3,8,4
,234,6,6,3
,233,9,5,1
,232,4,7,4
,231,6,6,3
,230,8,5,2
,229,5,8,2
,228,3,10,2
,227,6,7,2
,226,4,9,2
,225,6,6,3
,224,5,7,3
,223,5,6,4
,222,8,3,4
,221,7,5,3
,220,3,8,4
,219,5,6,4
,218,4,8,3
,217,8,5,2
,216,8,4,3
,215,6,7,2
,214,5,7,3
,213,7,4,4
,212,7,6,2
,211,6,6,3
,210,5,6,4
,209,7,4,4
,208,7,6,2
,207,7,7,1
,206,5,8,2
,205,5,7,3
,204,6,5,4
,203,7,5,3
,202,4,7,4
,201,7,7,1
,200,6,6,3
,199,7,5,3
,198,6,7,2
,197,8,4,3
,196,5,6,4
,195,7,6,2
,194,5,6,4
,193,8,5,2
,192,6,5,4
,191,5,7,3
,190,6,7,2
,189,7,5,3
,188,5,5,5
,187,2,8,5
,186,4,7,4
,185,7,6,2
,184,6,6,3
,183,5,6,4
,182,6,5,4
,181,6,6,3
,180,9,4,2
,179,6,5,4
,178,7,4,4
,177,5,7,3
,176,3,7,5
,175,5,8,2
,174,6,6,3
,173,6,4,5
,172,7,5,3
,171,4,6,5
,170,8,4,3
,169,8,5,2
,168,6,6,3
,167,7,5,3
,166,6,6,3
,165,6,7,2
,164,7,4,4
,163,7,4,4
,162,7,6,2
,161,3,7,5
,160,5,8,2
,159,8,5,2
,158,5,8,2
,157,7,5,3
,156,6,7,2
,155,5,7,3
,154,7,6,2
,153,5,6,4
,152,6,5,4
,151,6,7,2
,150,7,3,5
,149,5,7,3
,148,6,5,4
,147,6,5,4
,146,5,6,4
,145,5,7,3
,144,5,6,4
,143,4,6,5
,142,7,5,3
,141,6,7,2
,140,6,6,3
,139,4,7,4
,138,6,5,4
,137,5,8,2
,136,6,5,4
,135,6,6,3
,134,6,7,2
,133,6,6,3
,132,7,5,3
,131,6,6,3
,130,7,5,3
,129,5,6,4
,128,4,8,3
,127,7,5,3
,126,7,4,4
,125,7,4,4
,124,6,6,3
,123,4,7,4
,122,7,5,3
,121,7,5,3
,120,5,8,2
,119,6,5,4
,118,5,6,4
,117,5,8,2
,116,4,8,3
,115,6,7,2
,114,8,3,4
,113,6,6,3
,112,6,7,2
,111,4,7,4
,110,5,6,4
,109,5,6,4
,108,6,6,3
,107,7,5,3
,106,7,5,3
,105,6,6,3
,104,4,7,4
,103,8,4,3
,102,7,4,4
,101,6,6,3
,100,6,6,3
,99,6,6,3
,98,6,5,4
,97,4,7,4
,96,5,6,4
,95,6,8,1
,94,4,7,4
,93,7,5,3
,92,5,7,3
,91,4,8,3
,90,5,5,5
,89,2,8,5
,88,7,6,2
,87,7,5,3
,86,6,6,3
,85,6,6,3
,84,5,6,4
,83,7,5,3
,82,6,7,2
,81,8,6,1
,80,8,5,2
,79,5,6,4
,78,7,7,1
,77,6,5,4
,76,6,6,3
,75,8,6,1
,74,7,5,3
,73,5,8,2
,72,5,7,3
,71,6,6,3
,70,7,6,2
,69,6,6,3
,68,9,3,3
,67,5,6,4
,66,5,6,4
,65,5,6,4
,64,8,5,2
,63,4,7,4
,62,5,8,2
,61,4,8,3
,60,6,5,4
,59,7,6,2
,58,4,10,1
,57,7,5,3
,56,4,8,3
,55,8,6,1
,54,7,5,3
,53,6,7,2
,52,5,5,5
,51,6,6,3
,50,7,5,3
,49,5,6,4
,48,4,8,3
,47,8,5,2
,46,7,4,4
,45,6,5,4
,44,5,6,4
,43,7,5,3
,42,6,5,4
,41,4,8,3
,40,6,6,3
,39,4,7,4
,38,8,4,3
,37,7,4,4
,36,6,5,4
,35,4,7,4
,34,7,6,2
,33,6,6,3
,32,7,6,2
,31,5,6,4
,30,7,5,3
,29,6,6,3
,28,5,9,1
,27,4,7,4
,26,5,7,3
,25,8,4,3
,24,6,5,4
,23,7,8,0
,22,9,4,2
,21,5,6,4
,20,7,6,2
,19,6,7,2
,18,5,7,3
,17,7,7,1
,16,6,5,4
,15,6,5,4
,14,6,6,3
,13,7,7,1
,12,8,5,2
,11,6,5,4
,10,8,5,2
,9,5,7,3
,8,6,7,2
,7,5,6,4
,6,7,5,3
,5,5,7,3
,4,6,6,3
,3,7,6,2
,2,6,7,2
,1,6,6,3